{
    "transformation_matrix": [
        [
            -23.291894,
            -0.001875,
            1203.796382
        ],
        [
            -0.002321,
            -23.295055,
            979.833001
        ]
    ],
    "origin_pixel": {
        "x": 1204,
        "y": 980
    }
}
